Appointment_ID,Drop_Off,Pick_Up,Appointment_Made_Date
400594,2022-12-22,2023-11-09,2022-01-04
752213,2022-10-04,2024-04-30,2022-03-31
222206,2023-08-30,2024-11-10,2021-04-29
758912,2023-08-02,2024-04-09,2021-01-02
529702,2023-10-27,2023-06-25,2022-03-18
449975,2023-08-31,2024-05-01,2021-05-11
816645,2023-05-29,2024-09-23,2021-01-31
523679,2022-12-31,2023-10-08,2021-06-19
882131,2023-08-09,2024-01-10,2022-01-14
265625,2022-06-19,2023-06-28,2021-11-27
638973,2022-08-09,2023-03-05,2022-11-28
746251,2023-08-22,2024-08-29,2021-07-09
406720,2022-07-13,2024-10-20,2022-05-02
591480,2023-12-05,2024-09-10,2021-09-25
362008,2023-07-27,2023-07-24,2021-07-22
488674,2022-03-17,2024-09-10,2021-01-02
887322,2022-06-19,2023-08-01,2021-06-22
669461,2022-09-14,2023-06-05,2021-12-11
537567,2022-05-08,2023-12-19,2021-10-29
533109,2022-07-18,2024-05-18,2021-06-20
628668,2023-10-26,2023-07-09,2022-02-27
968785,2022-10-22,2023-06-23,2021-10-11
369970,2023-02-05,2023-02-06,2021-04-22
207706,2023-02-08,2024-05-05,2021-01-11
508309,2022-11-03,2024-04-11,2021-07-14
808595,2023-02-10,2024-12-25,2021-01-15
453787,2022-01-17,2023-12-01,2022-02-05
656336,2022-09-02,2024-11-03,2021-08-01
182231,2022-12-23,2023-03-04,2021-07-03
574234,2023-07-10,2023-12-31,2022-12-14
327471,2023-07-09,2024-07-18,2022-01-03
487249,2023-02-25,2023-01-21,2022-10-16
256941,2022-01-23,2024-06-17,2022-10-29
627394,2023-01-28,2024-02-13,2022-09-02
527514,2022-06-26,2024-05-21,2021-10-22
754836,2023-05-31,2023-04-26,2022-06-07
586472,2022-06-05,2024-12-20,2022-01-29
534298,2022-08-04,2024-12-13,2021-11-10
718909,2022-10-12,2023-01-26,2021-02-19
949049,2023-05-03,2023-09-06,2021-03-05
566321,2023-11-07,2023-07-27,2022-04-19
279049,2022-08-03,2024-07-20,2021-09-28
622121,2023-12-25,2024-07-02,2022-07-14
422333,2022-12-26,2024-11-06,2021-08-13
757455,2023-08-04,2024-12-11,2021-06-29
944030,2022-10-31,2024-08-25,2022-01-08
602825,2022-06-08,2024-01-10,2021-09-26
484451,2023-06-02,2024-02-18,2022-07-01
102276,2022-12-12,2024-05-17,2022-07-20
961478,2022-04-06,2023-01-28,2021-02-01
661632,2022-11-18,2023-03-21,2021-03-02
321625,2022-01-16,2023-12-30,2022-06-27
184463,2022-11-05,2023-04-02,2021-01-10
331280,2023-06-07,2023-04-21,2021-08-09
949779,2022-04-13,2024-02-28,2021-09-15
492050,2022-12-09,2024-08-24,2021-06-17
400064,2022-10-21,2023-04-29,2021-12-15
731373,2023-02-05,2023-04-26,2021-11-25
872501,2023-07-10,2023-06-03,2022-05-04
987097,2022-09-07,2023-10-28,2022-08-10
640161,2022-06-14,2023-12-02,2021-11-30
150066,2023-03-10,2023-06-20,2021-07-18
512920,2022-01-12,2023-05-06,2022-03-11
692067,2023-10-16,2024-11-09,2022-05-13
942706,2022-12-03,2024-10-29,2022-08-20
299845,2022-03-14,2023-09-22,2022-09-28
680745,2023-12-02,2023-03-26,2021-01-21
381152,2022-11-28,2024-05-05,2022-05-22
160899,2022-05-20,2023-06-19,2021-05-09
617084,2023-05-07,2023-03-28,2021-01-09
412327,2023-12-20,2023-07-01,2021-02-07
361365,2022-11-24,2023-08-20,2021-03-16
842382,2023-09-20,2023-10-04,2021-06-22
951290,2023-01-22,2024-05-12,2021-04-03
558847,2023-03-02,2023-07-27,2022-03-19
710071,2022-06-21,2024-05-30,2022-02-26
547346,2023-03-15,2024-02-03,2022-06-26
289865,2022-06-22,2024-05-07,2021-11-29
300283,2023-02-13,2023-02-23,2022-06-11
527279,2023-09-03,2024-01-22,2021-04-12
680579,2022-12-09,2024-07-17,2022-07-10
879101,2023-02-09,2024-09-08,2022-12-21
575730,2022-07-17,2023-02-19,2021-02-13
826117,2023-09-16,2024-07-14,2022-03-19
851328,2022-10-02,2024-04-26,2022-08-26
874670,2023-04-25,2024-06-26,2021-05-01
891850,2022-08-15,2023-06-26,2022-07-09
833209,2022-02-02,2023-02-11,2022-08-11
614336,2023-06-28,2023-06-28,2022-09-03
121468,2023-09-18,2023-06-29,2022-02-25
343580,2023-09-29,2024-08-22,2021-02-13
234705,2023-02-08,2023-12-16,2022-09-30
377388,2023-03-07,2023-10-29,2022-09-18
117445,2022-01-25,2024-10-10,2021-07-24
292187,2022-01-31,2023-06-10,2021-10-27
191987,2023-03-27,2024-08-02,2021-10-28
577952,2022-11-24,2023-01-05,2022-03-24
975558,2023-09-05,2024-07-17,2022-11-15
204115,2023-11-11,2023-01-23,2022-05-26
875518,2022-06-08,2024-05-07,2022-01-14
225206,2023-01-01,2024-03-16,2022-04-25
965562,2022-05-31,2023-11-21,2022-06-08
387411,2022-07-23,2024-10-02,2022-07-23
212005,2023-06-18,2023-12-10,2022-03-31
124085,2022-03-06,2023-10-09,2021-09-19
153948,2022-10-10,2023-03-18,2021-01-09
890234,2023-08-19,2023-06-21,2021-08-09
448521,2023-01-24,2023-06-27,2021-06-07
470814,2023-07-13,2024-04-04,2021-08-14
146898,2023-05-09,2023-05-27,2022-03-17
713605,2023-06-03,2023-06-28,2021-09-05
403121,2022-12-16,2023-09-11,2021-07-11
781272,2023-03-28,2023-01-13,2021-05-12
754266,2022-04-23,2024-09-26,2021-01-15
551271,2023-05-31,2023-04-03,2021-11-21
596312,2022-05-06,2023-01-14,2022-01-10
989562,2023-02-27,2024-03-30,2022-10-19
394202,2023-05-07,2024-08-07,2021-02-22
559097,2023-04-30,2024-12-10,2022-08-26
282012,2023-04-22,2023-07-12,2022-09-11
454054,2022-06-25,2024-05-09,2022-08-26
962625,2023-04-01,2023-03-01,2021-04-22
367816,2023-07-12,2024-11-03,2021-07-09
152968,2022-02-19,2024-04-21,2022-06-21
147862,2023-02-03,2023-01-03,2021-04-25
726834,2023-05-06,2024-09-03,2021-10-14
268615,2022-09-01,2024-01-15,2021-06-16
708459,2022-07-03,2023-11-06,2022-09-01
803161,2022-05-19,2023-07-25,2021-06-28
941401,2022-07-09,2023-01-06,2022-05-10
846484,2022-02-16,2024-12-03,2021-06-09
936738,2022-12-20,2023-07-26,2021-11-21
682601,2022-03-18,2024-12-06,2021-10-05
464578,2022-06-13,2023-09-30,2021-10-03
197506,2023-05-31,2024-05-07,2021-10-12
891664,2022-08-28,2024-10-09,2022-10-09
859410,2023-11-15,2024-08-23,2021-10-12
679694,2023-09-18,2023-12-23,2022-09-25
740595,2023-06-23,2023-03-25,2021-08-14
940100,2023-03-23,2024-09-15,2021-10-07
462854,2022-06-20,2023-03-08,2022-01-10
240565,2023-08-31,2024-05-09,2021-01-13
510196,2022-11-26,2024-02-16,2021-11-11
504202,2023-11-17,2023-03-10,2022-01-11
300563,2022-10-14,2023-06-27,2021-03-18
517895,2022-05-14,2023-08-31,2021-01-08
566452,2023-07-28,2023-12-22,2021-09-28
444900,2022-12-19,2024-04-17,2021-07-02
263232,2023-09-15,2023-01-14,2021-06-25
218201,2022-12-10,2024-10-09,2022-07-05
672332,2022-06-18,2023-09-16,2021-05-03
875456,2023-03-06,2023-04-10,2022-10-27
466986,2023-06-28,2023-09-28,2022-01-16
655695,2023-09-17,2023-08-05,2021-06-09
753210,2023-12-22,2024-08-26,2022-06-27
129538,2023-04-11,2024-10-27,2022-08-13
496356,2023-04-18,2023-09-09,2022-01-20
885351,2023-08-23,2024-02-03,2022-05-14
371477,2023-05-04,2023-05-28,2022-11-26
124908,2023-05-20,2024-07-06,2022-12-09
473260,2022-03-20,2023-08-26,2022-03-20
816820,2023-03-18,2023-01-17,2021-11-02
150197,2023-03-20,2023-07-29,2021-03-19
926315,2022-10-21,2023-08-13,2022-10-14
359591,2023-12-17,2024-06-30,2022-07-03
891358,2022-07-09,2023-12-08,2022-07-26
716430,2023-01-23,2023-09-15,2022-08-25
840901,2022-04-23,2024-06-28,2022-06-25
367747,2022-11-27,2024-10-28,2021-08-10
802115,2023-06-02,2024-11-25,2021-03-28
486921,2022-11-29,2023-08-08,2022-03-31
155410,2023-05-18,2023-03-02,2022-09-18
560274,2022-12-19,2024-09-12,2021-08-13
615531,2023-12-11,2024-12-11,2022-06-03
364670,2023-06-09,2024-12-27,2021-04-22
718984,2022-10-07,2023-08-17,2021-08-05
233743,2022-06-26,2023-08-10,2021-11-14
319438,2022-12-28,2024-08-30,2022-11-08
258656,2022-02-12,2023-02-19,2022-11-01
609884,2023-07-07,2024-04-01,2022-04-21
191745,2022-05-07,2024-08-18,2021-03-20
181517,2023-08-04,2023-12-22,2021-05-06
834925,2022-08-14,2023-08-16,2022-11-06
685171,2023-01-27,2023-08-01,2022-12-09
452609,2022-05-07,2024-06-19,2022-03-05
493062,2023-04-16,2023-10-06,2022-09-09
686462,2023-05-18,2023-01-17,2022-11-13
822907,2023-06-07,2023-10-10,2022-06-23
100480,2023-09-03,2024-11-10,2022-03-27
313800,2022-07-22,2024-05-02,2022-01-07
550203,2023-08-04,2023-03-29,2022-12-04
996517,2022-10-31,2023-09-20,2022-10-03
648911,2022-02-20,2024-03-08,2021-04-20
393388,2022-08-08,2023-01-09,2022-05-09
505190,2022-12-20,2024-07-05,2021-09-20
349249,2022-09-01,2023-04-18,2022-06-01
324310,2022-05-04,2024-06-04,2021-05-03
721800,2022-02-05,2023-03-18,2022-11-22
966543,2023-02-11,2023-05-21,2022-04-15
928689,2022-12-10,2023-01-26,2021-06-09
380073,2022-07-16,2024-08-12,2021-09-25
645046,2023-03-08,2023-10-09,2021-01-13
576728,2023-07-13,2024-01-25,2022-08-08
679994,2023-05-26,2024-06-20,2021-03-27
787806,2023-09-26,2024-01-20,2021-08-06
548974,2023-04-06,2024-03-02,2021-12-06
459765,2023-01-11,2024-04-18,2022-07-17
883573,2022-08-03,2024-10-23,2021-05-13
895113,2023-09-25,2024-11-24,2021-12-13
786161,2022-06-26,2023-08-16,2021-10-29
326222,2023-04-13,2023-08-24,2021-08-19
657380,2022-11-20,2023-12-08,2022-03-24
952736,2023-04-29,2024-10-18,2022-11-02
518417,2023-10-10,2024-09-08,2021-01-25
425995,2023-01-12,2023-10-19,2021-08-27
487245,2023-07-30,2023-08-08,2022-04-12
114839,2022-11-29,2024-09-29,2022-10-27
328361,2022-10-17,2023-02-25,2021-09-13
167020,2023-11-14,2024-05-25,2022-09-13
984093,2023-06-30,2023-05-14,2022-03-25
791666,2023-07-28,2023-07-25,2021-11-23
341744,2022-01-08,2023-09-10,2021-04-08
161267,2023-05-09,2024-07-29,2022-06-02
688396,2022-05-15,2023-09-09,2021-08-24
613430,2022-05-01,2024-11-02,2022-12-21
113475,2023-07-16,2023-07-02,2022-03-22
376106,2023-11-08,2023-04-22,2021-07-28
682728,2022-09-22,2024-06-17,2021-04-20
938502,2023-02-24,2024-02-27,2022-11-12
787854,2022-04-03,2024-04-10,2022-07-07
202702,2023-04-03,2023-10-26,2021-07-07
754596,2022-01-13,2024-01-16,2022-09-10
821128,2022-02-04,2023-08-26,2021-01-20
146025,2022-02-04,2024-08-16,2022-01-21
330782,2023-06-19,2024-04-04,2022-12-18
233235,2023-12-17,2024-07-09,2021-06-06
220544,2023-03-15,2023-07-24,2022-04-25
793261,2023-03-10,2023-09-13,2022-04-12
371910,2023-03-23,2023-05-08,2021-08-01
431106,2022-09-07,2023-04-06,2021-11-09
843811,2023-06-07,2024-05-13,2021-12-10
784166,2022-09-12,2023-09-07,2022-04-01
940297,2022-07-03,2023-01-31,2021-12-24
871103,2023-07-09,2023-07-26,2022-01-04
387650,2022-05-18,2024-03-11,2021-11-16
146277,2023-05-04,2024-10-31,2022-11-08
989914,2023-01-14,2024-03-05,2021-11-25
872236,2022-01-02,2023-11-11,2022-06-06
668313,2023-12-03,2023-07-15,2021-11-26
121394,2023-05-24,2024-04-10,2021-05-23
619424,2023-12-02,2023-07-01,2021-04-17
469806,2022-05-27,2023-05-28,2021-02-01
775157,2023-03-26,2023-11-05,2021-10-13
456724,2023-10-06,2024-09-12,2021-04-26
673264,2023-10-08,2024-03-25,2022-11-08
980046,2023-05-27,2023-10-22,2022-09-24
898394,2023-05-19,2024-03-05,2021-12-15
395078,2022-09-30,2023-11-02,2022-03-22
223653,2023-12-01,2024-05-16,2022-09-03
581115,2023-07-27,2024-03-13,2021-05-19
568939,2023-09-27,2023-08-09,2021-03-04
963690,2023-09-25,2024-04-08,2021-03-09
433093,2022-02-13,2023-04-24,2022-01-19
586716,2022-05-07,2023-05-19,2022-06-19
416846,2023-01-29,2024-06-10,2021-06-20
970707,2022-06-11,2023-01-23,2021-09-11
115498,2023-12-02,2023-06-19,2022-11-18
982123,2022-08-07,2024-09-13,2021-12-03
788652,2022-04-06,2023-07-15,2022-08-10
861519,2022-08-15,2023-01-13,2021-10-19
400029,2023-03-31,2024-10-18,2022-05-16
953665,2022-10-15,2024-05-18,2022-07-23
707663,2023-12-24,2024-06-23,2022-10-29
697102,2022-12-03,2024-01-24,2021-10-18
211198,2023-03-17,2024-05-12,2021-11-15
291547,2023-12-11,2024-09-11,2021-10-27
874846,2022-01-29,2023-08-06,2022-04-20
539516,2022-04-24,2023-04-20,2022-01-25
631549,2022-11-30,2024-06-23,2022-04-28
717660,2023-07-18,2024-01-06,2022-04-10
426606,2022-11-28,2024-04-02,2021-03-05
969481,2023-02-15,2023-11-22,2022-02-04
880366,2023-05-03,2023-05-25,2021-01-01
792658,2023-12-20,2023-12-31,2021-12-07
692286,2023-03-19,2024-01-06,2022-03-17
224664,2023-02-28,2024-11-01,2022-07-07
713235,2023-03-13,2023-04-13,2022-11-02
730050,2023-08-04,2023-12-28,2021-06-17
459422,2022-08-16,2023-01-03,2022-03-24
111756,2022-03-04,2023-02-21,2022-10-28
983103,2022-05-25,2023-02-24,2021-08-29
258566,2022-05-01,2023-07-18,2022-03-31
111846,2022-01-24,2023-09-17,2021-12-24
324211,2023-10-18,2023-02-17,2022-03-04
396656,2022-06-08,2024-10-09,2022-07-03
777173,2023-09-16,2024-07-14,2022-08-04
208740,2023-07-13,2023-07-13,2022-12-10
723297,2022-09-21,2024-02-13,2022-04-15
818666,2022-06-02,2023-03-19,2022-08-13
969234,2023-04-15,2024-04-24,2022-12-17
617380,2022-04-12,2024-12-11,2022-04-25
417960,2023-09-28,2024-01-06,2022-08-08
755669,2022-04-03,2023-12-04,2021-04-02
119347,2022-05-27,2024-08-03,2022-11-02
289327,2023-12-12,2024-11-01,2021-12-15
575029,2022-11-24,2023-03-24,2022-12-13
614624,2022-04-21,2024-01-18,2021-08-31
860395,2023-07-20,2023-08-11,2022-10-07
881241,2022-06-01,2024-05-20,2021-02-05
296664,2023-11-21,2024-02-06,2022-05-09
203443,2022-03-13,2023-01-04,2021-11-20
637503,2023-12-27,2023-11-23,2022-03-01
676375,2022-01-22,2023-09-12,2022-02-06
410321,2023-10-01,2024-06-09,2022-01-14
462854,2023-07-15,2023-01-01,2021-12-01
137706,2022-11-03,2024-03-31,2021-06-20
379952,2023-09-12,2024-06-28,2022-03-28
568491,2023-08-31,2024-10-01,2022-08-09
600719,2022-04-15,2024-10-13,2022-09-19
986100,2022-08-21,2023-12-26,2022-03-15
641442,2022-01-16,2023-01-18,2022-09-16
367780,2023-05-10,2024-05-28,2021-03-11
838138,2022-05-13,2024-05-05,2021-07-01
263901,2022-01-25,2023-08-12,2022-06-02
934023,2022-08-13,2024-04-28,2022-06-21
320985,2022-02-26,2024-12-20,2022-05-04
317004,2022-12-09,2024-09-01,2022-01-21
264040,2023-05-23,2023-05-24,2021-02-15
163310,2023-06-08,2023-06-11,2022-05-08
644651,2023-05-10,2023-11-25,2022-05-24
376903,2022-08-06,2023-12-21,2022-07-21
815902,2022-12-14,2023-02-15,2021-10-02
694335,2022-04-22,2024-11-06,2022-11-29
181821,2023-07-30,2024-02-03,2022-06-21
162707,2022-07-07,2024-08-08,2021-11-07
114357,2023-09-22,2023-07-10,2021-12-21
846166,2022-02-21,2024-02-21,2022-08-27
765585,2023-12-25,2023-05-24,2022-05-03
714761,2022-05-01,2023-06-16,2021-11-23
649346,2022-01-03,2024-05-19,2022-09-21
959469,2022-04-18,2023-08-21,2021-11-09
245341,2023-02-16,2024-05-31,2021-06-10
801946,2023-09-14,2024-01-31,2021-10-15
502033,2023-06-25,2023-12-16,2022-03-12
474768,2023-12-21,2023-07-18,2021-08-27
279221,2023-05-23,2024-01-28,2021-05-11
321139,2022-03-08,2024-09-19,2022-04-27
463798,2023-11-06,2023-02-18,2021-02-25
319229,2023-01-13,2024-01-07,2021-05-03
846365,2022-07-02,2024-02-23,2022-10-07
168434,2023-08-11,2024-08-25,2021-12-01
319270,2022-04-25,2024-10-14,2022-09-09
347232,2023-10-28,2024-06-01,2021-02-21
897540,2023-08-26,2023-02-16,2022-11-11
672837,2022-12-16,2023-10-28,2022-10-18
166899,2023-11-06,2024-06-02,2022-08-16
428314,2022-05-27,2023-02-23,2021-08-03
440746,2023-03-01,2024-08-26,2022-09-05
443167,2023-08-25,2023-10-23,2022-03-09
220631,2023-01-18,2023-04-27,2022-12-21
523717,2023-02-19,2024-06-07,2022-08-25
521485,2023-02-24,2023-06-15,2022-06-06
275568,2023-04-20,2023-03-28,2021-09-04
895930,2023-11-29,2023-01-10,2021-08-15
489157,2022-05-14,2023-05-16,2021-04-16
582937,2022-01-17,2023-03-13,2021-08-09
736030,2023-03-16,2024-08-13,2022-03-02
311007,2023-12-05,2023-08-17,2021-12-08
716658,2022-10-25,2024-05-21,2022-07-21
890401,2023-08-10,2024-03-31,2021-12-30
808228,2022-08-04,2023-07-17,2022-07-06
532440,2023-09-16,2024-01-26,2021-06-12
707165,2022-08-25,2024-12-22,2022-12-27
361136,2022-02-26,2023-11-17,2021-11-03
126036,2022-02-06,2024-03-22,2021-03-26
594490,2023-02-16,2023-12-13,2021-05-11
745936,2022-11-11,2024-02-11,2022-10-01
582864,2022-04-10,2024-12-26,2021-09-03
262122,2022-07-21,2023-02-18,2022-05-18
681250,2023-01-30,2024-12-21,2022-01-04
882195,2023-07-04,2024-09-20,2021-08-26
726513,2022-07-08,2023-02-09,2022-11-05
645966,2023-02-04,2023-03-05,2022-12-27
196898,2023-09-09,2023-12-20,2021-11-27
121919,2022-07-24,2023-09-06,2021-04-18
481337,2023-01-01,2024-11-06,2021-03-06
770636,2022-05-25,2023-08-03,2022-02-08
939935,2022-04-08,2023-09-22,2021-07-25
525335,2023-12-01,2023-05-30,2021-07-16
247535,2023-08-31,2024-03-19,2022-10-30
929986,2023-04-20,2024-02-28,2021-11-15
339828,2022-08-11,2024-03-26,2022-11-08
892053,2022-09-10,2024-07-25,2021-09-24
475995,2022-04-09,2023-02-28,2021-12-11
723900,2023-02-15,2024-07-05,2022-10-19
163990,2023-04-20,2024-07-18,2021-05-30
384514,2023-09-21,2024-05-19,2021-02-24
732357,2022-01-21,2024-09-24,2021-10-25
923564,2022-08-20,2024-05-18,2022-11-10
407245,2023-02-10,2024-12-09,2021-12-22
737140,2022-04-29,2024-04-28,2022-04-20
632105,2023-02-14,2024-12-19,2021-09-27
182763,2023-09-12,2024-11-01,2022-04-07
645539,2022-11-25,2024-12-19,2022-05-03
329176,2023-06-20,2023-12-04,2021-02-06
252704,2022-02-07,2023-02-26,2021-09-10
882925,2022-03-20,2024-02-04,2022-05-08
386405,2023-07-29,2024-01-02,2021-06-26
993196,2022-01-02,2024-07-23,2021-08-16
334940,2023-10-20,2023-11-23,2022-09-14
889394,2022-03-17,2023-05-14,2022-03-02
450483,2022-02-23,2023-09-26,2021-11-24
628797,2022-05-06,2023-02-25,2021-01-06
622164,2023-05-04,2024-02-27,2022-08-16
521212,2023-06-13,2024-04-06,2021-12-25
969510,2022-09-27,2023-08-21,2022-08-02
778342,2023-11-22,2023-12-25,2022-05-05
449273,2022-03-30,2024-03-05,2022-10-16
484050,2023-03-28,2024-08-27,2021-07-17
811379,2022-04-22,2024-12-25,2022-09-23
858405,2023-04-01,2024-04-14,2022-12-20
830112,2023-08-09,2023-11-24,2021-07-02
226866,2022-07-24,2023-07-16,2022-10-25
572637,2023-02-23,2023-02-01,2022-02-10
352383,2022-06-13,2023-10-12,2022-01-13
920291,2023-12-01,2024-03-05,2021-09-13
405524,2022-12-08,2024-02-14,2022-07-11
700658,2023-01-05,2024-02-07,2021-05-13
188914,2022-11-12,2024-06-03,2021-04-25
271785,2022-01-07,2023-10-01,2022-08-25
349228,2022-04-27,2024-03-14,2022-08-20
123223,2023-10-01,2023-04-19,2022-08-16
244167,2023-03-16,2024-01-10,2022-02-27
431651,2023-10-24,2024-01-07,2022-01-30
175278,2022-11-04,2023-01-02,2022-08-01
408111,2023-02-02,2023-08-30,2022-03-08
172622,2022-06-20,2024-08-06,2022-09-28
974774,2022-09-26,2023-12-22,2021-10-29
972403,2022-08-23,2024-06-05,2021-04-21
476478,2022-12-04,2024-06-14,2022-02-22
775419,2022-08-10,2023-12-21,2021-08-01
869895,2023-11-10,2023-04-21,2021-02-10
783657,2022-02-08,2024-07-01,2022-09-11
864102,2022-03-31,2024-02-11,2021-11-22
759031,2023-10-28,2023-05-08,2022-11-02
941345,2022-10-31,2023-04-27,2021-06-03
271770,2022-04-25,2024-02-14,2021-09-18
609761,2022-07-07,2023-11-01,2022-02-02
273004,2023-08-17,2023-02-03,2021-04-27
410736,2022-06-18,2023-07-21,2022-02-09
803904,2023-07-31,2023-11-03,2022-05-06
652812,2022-07-01,2024-11-30,2022-11-06
240320,2022-08-01,2024-02-10,2021-08-27
198824,2023-12-30,2023-11-13,2022-10-07
916476,2022-11-29,2024-12-23,2021-04-29
852212,2022-05-27,2024-05-05,2022-07-02
101158,2023-06-05,2023-09-08,2022-03-11
725036,2022-11-04,2023-04-18,2022-06-17
563913,2023-11-19,2024-04-16,2022-03-28
461779,2022-08-12,2024-06-15,2021-12-10
559037,2022-11-07,2024-06-26,2022-12-13
192642,2022-02-09,2023-03-11,2022-11-24
344380,2022-12-16,2023-11-02,2021-11-10
184923,2023-01-22,2023-07-06,2022-08-03
715432,2023-06-17,2023-11-04,2021-01-03
799381,2023-12-19,2023-02-23,2021-10-21
495013,2022-12-01,2023-05-17,2022-03-06
364053,2023-04-16,2023-12-24,2021-04-03
564142,2023-04-11,2024-02-29,2022-11-10
723524,2023-09-13,2024-09-19,2021-11-06
239666,2023-04-25,2024-02-08,2022-01-28
667059,2022-11-18,2023-12-19,2021-11-15
643278,2022-09-23,2023-01-10,2022-12-02
969900,2023-01-21,2023-10-05,2022-07-24
885934,2023-09-26,2023-08-28,2022-04-15
368831,2023-09-07,2024-03-16,2022-08-05
498936,2022-10-09,2024-11-08,2021-11-09
321056,2022-03-24,2023-02-21,2021-09-11
273953,2023-06-05,2024-04-30,2021-01-22
393604,2023-11-19,2023-12-28,2022-08-06
146319,2023-11-13,2024-02-28,2022-02-25
242352,2023-11-22,2024-07-10,2021-04-12
707107,2023-10-19,2023-07-15,2021-01-14
128059,2022-01-21,2023-05-20,2021-12-06
123496,2023-09-12,2024-06-24,2021-08-13
708415,2023-06-28,2023-03-02,2021-10-13
521319,2023-11-28,2024-01-14,2022-09-23
737926,2022-04-24,2023-08-02,2021-01-29
311726,2022-05-20,2023-05-14,2022-06-07
246236,2022-06-10,2024-12-12,2021-04-03
902636,2022-08-25,2023-11-15,2022-05-12
873799,2022-03-03,2023-11-28,2021-12-26
635647,2022-10-24,2024-01-25,2021-12-10
479817,2022-10-15,2024-06-23,2021-06-27
822247,2022-08-06,2024-01-14,2021-01-13
584622,2023-05-01,2024-09-29,2022-04-07
457225,2022-01-26,2023-10-18,2021-04-26
976890,2022-01-28,2024-05-29,2021-12-20
703979,2023-02-22,2024-04-04,2021-05-13
197428,2022-05-18,2023-02-17,2021-08-19
