Appointment_ID,Drop_Off,Pick_Up,Appointment_Made_Date,Package_Package_ID,Time_Slot_Time_Slot_ID,Customer_Customer_ID,Car_Car_ID
400594,12/22/2022,11/9/2023,1/4/2022,700120,729319,551982,473376
752213,10/4/2022,4/30/2024,3/31/2022,699500,973385,742874,207652
222206,8/30/2023,11/10/2024,4/29/2021,699500,502220,218195,752036
758912,8/2/2023,4/9/2024,1/2/2021,127392,189821,393922,626296
529702,10/27/2023,6/25/2023,3/18/2022,227950,736338,563020,220347
449975,8/31/2023,5/1/2024,5/11/2021,671033,898610,316477,839713
816645,5/29/2023,9/23/2024,1/31/2021,947126,579259,326102,816110
523679,12/31/2022,10/8/2023,6/19/2021,803900,701687,537906,871638
882131,8/9/2023,1/10/2024,1/14/2022,300292,704998,659932,525069
265625,6/19/2022,6/28/2023,11/27/2021,728114,188035,375562,354648
638973,8/9/2022,3/5/2023,11/28/2022,700120,793173,612356,180155
746251,8/22/2023,8/29/2024,7/9/2021,200815,579259,614469,617290
406720,7/13/2022,10/20/2024,5/2/2022,746221,397080,393922,807270
591480,12/5/2023,9/10/2024,9/25/2021,585322,122543,551982,321987
362008,7/27/2023,7/24/2023,7/22/2021,537037,639786,841903,313922
488674,3/17/2022,9/10/2024,1/2/2021,227950,408701,777166,179069
887322,6/19/2022,8/1/2023,6/22/2021,125152,898610,724059,322800
669461,9/14/2022,6/5/2023,12/11/2021,864628,189821,218195,499568
537567,5/8/2022,12/19/2023,10/29/2021,728114,358088,387630,555861
533109,7/18/2022,5/18/2024,6/20/2021,699500,803539,137531,176102
628668,10/26/2023,7/9/2023,2/27/2022,953162,764218,660201,703703
968785,10/22/2022,6/23/2023,10/11/2021,227950,449276,285136,354648
369970,2/5/2023,2/6/2023,4/22/2021,803900,117007,571310,254818
207706,2/8/2023,5/5/2024,1/11/2021,700120,695397,227277,962074
508309,11/3/2022,4/11/2024,7/14/2021,927028,509961,810380,296294
808595,2/10/2023,12/25/2024,1/15/2021,699500,776275,528423,605499
453787,1/17/2022,12/1/2023,2/5/2022,574878,248824,188029,496104
656336,9/2/2022,11/3/2024,8/1/2021,399223,128654,248500,756138
182231,12/23/2022,3/4/2023,7/3/2021,300292,345270,275027,364032
574234,7/10/2023,12/31/2023,12/14/2022,955730,409564,436046,143123
327471,7/9/2023,7/18/2024,1/3/2022,728114,557317,959757,973329
487249,2/25/2023,1/21/2023,10/16/2022,194696,122543,564383,404514
256941,1/23/2022,6/17/2024,10/29/2022,746221,488975,186281,669389
627394,1/28/2023,2/13/2024,9/2/2022,763706,695397,562341,575100
527514,6/26/2022,5/21/2024,10/22/2021,200815,345270,597967,574214
754836,5/31/2023,4/26/2023,6/7/2022,574878,285142,841903,428639
586472,6/5/2022,12/20/2024,1/29/2022,803900,265653,725076,756138
534298,8/4/2022,12/13/2024,11/10/2021,700120,745933,537195,259067
718909,10/12/2022,1/26/2023,2/19/2021,953162,509961,377866,219075
949049,5/3/2023,9/6/2023,3/5/2021,125152,411042,218195,740829
566321,11/7/2023,7/27/2023,4/19/2022,125152,411042,614469,452890
279049,8/3/2022,7/20/2024,9/28/2021,399223,153341,394815,524071
622121,12/25/2023,7/2/2024,7/14/2022,890295,736338,959757,423579
422333,12/26/2022,11/6/2024,8/13/2021,127392,107801,326102,122604
757455,8/4/2023,12/11/2024,6/29/2021,700120,359360,227277,617143
944030,10/31/2022,8/25/2024,1/8/2022,537037,803539,829881,786440
602825,6/8/2022,1/10/2024,9/26/2021,537037,208319,388816,995535
484451,6/2/2023,2/18/2024,7/1/2022,728114,488975,186281,534800
102276,12/12/2022,5/17/2024,7/20/2022,700120,223181,458456,433394
961478,4/6/2022,1/28/2023,2/1/2021,671033,509961,511178,648340
661632,11/18/2022,3/21/2023,3/2/2021,803900,882483,285136,292648
321625,1/16/2022,12/30/2023,6/27/2022,953162,502220,577385,206617
184463,11/5/2022,4/2/2023,1/10/2021,728114,745933,647491,759100
331280,6/7/2023,4/21/2023,8/9/2021,728114,677832,197995,185934
949779,4/13/2022,2/28/2024,9/15/2021,660948,383547,665038,422825
492050,12/9/2022,8/24/2024,6/17/2021,763706,776275,522988,207652
400064,10/21/2022,4/29/2023,12/15/2021,699500,847143,742874,131748
731373,2/5/2023,4/26/2023,11/25/2021,127392,742772,197995,644137
872501,7/10/2023,6/3/2023,5/4/2022,907982,189821,900323,148338
987097,9/7/2022,10/28/2023,8/10/2022,700120,883538,725076,196193
640161,6/14/2022,12/2/2023,11/30/2021,127392,973385,522988,877019
150066,3/10/2023,6/20/2023,7/18/2021,953162,551421,402378,525069
512920,1/12/2022,5/6/2023,3/11/2022,763706,397080,285136,167927
692067,10/16/2023,11/9/2024,5/13/2022,585322,770571,665038,367197
942706,12/3/2022,10/29/2024,8/20/2022,746221,994248,629017,828980
299845,3/14/2022,9/22/2023,9/28/2022,585322,898610,144580,442508
680745,12/2/2023,3/26/2023,1/21/2021,125152,411042,537195,834731
381152,11/28/2022,5/5/2024,5/22/2022,728114,717404,536877,364216
160899,5/20/2022,6/19/2023,5/9/2021,537037,208319,528423,212481
617084,5/7/2023,3/28/2023,1/9/2021,728114,402935,117673,473963
412327,12/20/2023,7/1/2023,2/7/2021,227950,695397,197995,228350
361365,11/24/2022,8/20/2023,3/16/2021,194696,593132,563020,281408
842382,9/20/2023,10/4/2023,6/22/2021,947126,793173,871749,246943
951290,1/22/2023,5/12/2024,4/3/2021,890295,189821,111840,483933
558847,3/2/2023,7/27/2023,3/19/2022,671033,488930,128105,834731
710071,6/21/2022,5/30/2024,2/26/2022,300292,741906,724059,293947
547346,3/15/2023,2/3/2024,6/26/2022,671033,215004,777775,973792
289865,6/22/2022,5/7/2024,11/29/2021,947126,285142,609665,847708
300283,2/13/2023,2/23/2023,6/11/2022,194696,966362,284378,657009
527279,9/3/2023,1/22/2024,4/12/2021,864628,188035,612356,380914
680579,12/9/2022,7/17/2024,7/10/2022,125152,861088,248500,766515
879101,2/9/2023,9/8/2024,12/21/2022,763706,192598,900323,473963
575730,7/17/2022,2/19/2023,2/13/2021,699500,994248,725076,614820
826117,9/16/2023,7/14/2024,3/19/2022,955730,449276,117726,280950
851328,10/2/2022,4/26/2024,8/26/2022,864628,583151,540622,990630
874670,4/25/2023,6/26/2024,5/1/2021,127392,101614,932339,523790
891850,8/15/2022,6/26/2023,7/9/2022,699500,783925,217074,177361
833209,2/2/2022,2/11/2023,8/11/2022,864628,345270,213256,739998
614336,6/28/2023,6/28/2023,9/3/2022,125152,717404,932339,499568
121468,9/18/2023,6/29/2023,2/25/2022,660948,793173,117726,794821
343580,9/29/2023,8/22/2024,2/13/2021,574878,584750,551982,688983
234705,2/8/2023,12/16/2023,9/30/2022,127392,745933,374357,281408
377388,3/7/2023,10/29/2023,9/18/2022,803900,188035,829881,891367
117445,1/25/2022,10/10/2024,7/24/2021,864628,783925,460749,852451
292187,1/31/2022,6/10/2023,10/27/2021,585322,449276,592918,339939
191987,3/27/2023,8/2/2024,10/28/2021,200815,701687,119681,491600
577952,11/24/2022,1/5/2023,3/24/2022,537037,588984,502950,591182
975558,9/5/2023,7/17/2024,11/15/2022,699500,776275,388816,637537
204115,11/11/2023,1/23/2023,5/26/2022,537037,584750,810380,608892
875518,6/8/2022,5/7/2024,1/14/2022,194696,745933,777775,659468
225206,1/1/2023,3/16/2024,4/25/2022,300292,704998,816493,853031
965562,5/31/2022,11/21/2023,6/8/2022,699500,217725,792743,912478
387411,7/23/2022,10/2/2024,7/23/2022,803900,358088,387630,995535
212005,6/18/2023,12/10/2023,3/31/2022,907982,704998,111840,362792
124085,3/6/2022,10/9/2023,9/19/2021,127392,358088,111840,912478
153948,10/10/2022,3/18/2023,1/9/2021,127392,737730,597967,807270
890234,8/19/2023,6/21/2023,8/9/2021,927028,803539,577385,126744
448521,1/24/2023,6/27/2023,6/7/2021,955730,162365,890953,178563
470814,7/13/2023,4/4/2024,8/14/2021,300292,734405,326102,409643
146898,5/9/2023,5/27/2023,3/17/2022,728114,239943,217074,491600
713605,6/3/2023,6/28/2023,9/5/2021,194696,695397,394815,831196
403121,12/16/2022,9/11/2023,7/11/2021,660948,673420,377866,354648
781272,3/28/2023,1/13/2023,5/12/2021,763706,209526,795241,428639
754266,4/23/2022,9/26/2024,1/15/2021,574878,745933,184559,973792
551271,5/31/2023,4/3/2023,11/21/2021,227950,358088,402378,220347
596312,5/6/2022,1/14/2023,1/10/2022,300292,742772,131133,511285
989562,2/27/2023,3/30/2024,10/19/2022,671033,779146,218195,879269
394202,5/7/2023,8/7/2024,2/22/2021,927028,695397,564383,188173
559097,4/30/2023,12/10/2024,8/26/2022,660948,745933,777775,210742
282012,4/22/2023,7/12/2023,9/11/2022,200815,275981,136300,946436
454054,6/25/2022,5/9/2024,8/26/2022,574878,265653,358544,189427
962625,4/1/2023,3/1/2023,4/22/2021,227950,181287,522988,105928
367816,7/12/2023,11/3/2024,7/9/2021,300292,209526,991831,570403
152968,2/19/2022,4/21/2024,6/21/2022,537037,397080,597967,720064
147862,2/3/2023,1/3/2023,4/25/2021,803900,522703,227277,608892
726834,5/6/2023,9/3/2024,10/14/2021,890295,117007,571310,883711
268615,9/1/2022,1/15/2024,6/16/2021,399223,408701,227277,100998
708459,7/3/2022,11/6/2023,9/1/2022,955730,704998,563020,731893
803161,5/19/2022,7/25/2023,6/28/2021,763706,275981,652385,792585
941401,7/9/2022,1/6/2023,5/10/2022,200815,275981,742874,473376
846484,2/16/2022,12/3/2024,6/9/2021,671033,181287,218195,413314
936738,12/20/2022,7/26/2023,11/21/2021,227950,551421,665038,154952
682601,3/18/2022,12/6/2024,10/5/2021,300292,411042,375562,499568
464578,6/13/2022,9/30/2023,10/3/2021,927028,189821,502950,819191
197506,5/31/2023,5/7/2024,10/12/2021,955730,918597,699025,636746
891664,8/28/2022,10/9/2024,10/9/2022,890295,275981,436046,359078
859410,11/15/2023,8/23/2024,10/12/2021,763706,673420,588846,591182
679694,9/18/2023,12/23/2023,9/25/2022,746221,770571,810380,617143
740595,6/23/2023,3/25/2023,8/14/2021,127392,664959,612356,364216
940100,3/23/2023,9/15/2024,10/7/2021,947126,883538,652385,695634
462854,6/20/2022,3/8/2023,1/10/2022,890295,695397,458456,162739
240565,8/31/2023,5/9/2024,1/13/2021,227950,861088,652385,566925
510196,11/26/2022,2/16/2024,11/11/2021,955730,717404,810380,552268
504202,11/17/2023,3/10/2023,1/11/2022,864628,494005,460749,575366
300563,10/14/2022,6/27/2023,3/18/2021,700120,918778,592918,779570
517895,5/14/2022,8/31/2023,1/8/2021,125152,807019,563020,428885
566452,7/28/2023,12/22/2023,9/28/2021,537037,323766,871749,912478
444900,12/19/2022,4/17/2024,7/2/2021,227950,882483,850190,812409
263232,9/15/2023,1/14/2023,6/25/2021,671033,898610,795241,548230
218201,12/10/2022,10/9/2024,7/5/2022,728114,704998,777166,285195
672332,6/18/2022,9/16/2023,5/3/2021,947126,358088,285136,528137
875456,3/6/2023,4/10/2023,10/27/2022,671033,783925,644310,235192
466986,6/28/2023,9/28/2023,1/16/2022,803900,522703,522988,552273
655695,9/17/2023,8/5/2023,6/9/2021,537037,402935,284378,489367
753210,12/22/2023,8/26/2024,6/27/2022,700120,673420,724059,922142
129538,4/11/2023,10/27/2024,8/13/2022,127392,704998,394815,649254
496356,4/18/2023,9/9/2023,1/20/2022,585322,766093,206887,598265
885351,8/23/2023,2/3/2024,5/14/2022,927028,779146,460749,390144
371477,5/4/2023,5/28/2023,11/26/2022,127392,188035,777166,154952
124908,5/20/2023,7/6/2024,12/9/2022,125152,323766,402378,220302
473260,3/20/2022,8/26/2023,3/20/2022,194696,736338,629017,618042
816820,3/18/2023,1/17/2023,11/2/2021,127392,535419,248500,880593
150197,3/20/2023,7/29/2023,3/19/2021,699500,411042,942646,195728
926315,10/21/2022,8/13/2023,10/14/2022,947126,596538,436046,535850
359591,12/17/2023,6/30/2024,7/3/2022,927028,248824,629017,265254
891358,7/9/2022,12/8/2023,7/26/2022,127392,213061,562341,115275
716430,1/23/2023,9/15/2023,8/25/2022,127392,285142,792743,695247
840901,4/23/2022,6/28/2024,6/25/2022,660948,736338,206887,521093
367747,11/27/2022,10/28/2024,8/10/2021,927028,383547,144580,207038
802115,6/2/2023,11/25/2024,3/28/2021,864628,153341,822527,572546
486921,11/29/2022,8/8/2023,3/31/2022,955730,695397,186281,482140
155410,5/18/2023,3/2/2023,9/18/2022,746221,574760,959757,387696
560274,12/19/2022,9/12/2024,8/13/2021,194696,323766,117726,946436
615531,12/11/2023,12/11/2024,6/3/2022,947126,994248,652385,243005
364670,6/9/2023,12/27/2024,4/22/2021,907982,509961,724059,762789
718984,10/7/2022,8/17/2023,8/5/2021,200815,856066,592918,853031
233743,6/26/2022,8/10/2023,11/14/2021,127392,734405,117726,241585
319438,12/28/2022,8/30/2024,11/8/2022,300292,918778,795241,819191
258656,2/12/2022,2/19/2023,11/1/2022,746221,522703,499142,791174
609884,7/7/2023,4/1/2024,4/21/2022,947126,861088,117726,770373
191745,5/7/2022,8/18/2024,3/20/2021,803900,742772,841903,416173
181517,8/4/2023,12/22/2023,5/6/2021,803900,285142,816493,381839
834925,8/14/2022,8/16/2023,11/6/2022,699500,905192,816493,659468
685171,1/27/2023,8/1/2023,12/9/2022,746221,664959,795241,566680
452609,5/7/2022,6/19/2024,3/5/2022,660948,973385,725076,827989
493062,4/16/2023,10/6/2023,9/9/2022,671033,593132,577393,703443
686462,5/18/2023,1/17/2023,11/13/2022,890295,244889,614469,508055
822907,6/7/2023,10/10/2023,6/23/2022,399223,677832,128105,722546
100480,9/3/2023,11/10/2024,3/27/2022,660948,639786,374357,473963
313800,7/22/2022,5/2/2024,1/7/2022,660948,502220,436046,659243
550203,8/4/2023,3/29/2023,12/4/2022,671033,397080,932339,412199
996517,10/31/2022,9/20/2023,10/3/2022,890295,411042,660201,221226
648911,2/20/2022,3/8/2024,4/20/2021,660948,488930,128105,566925
393388,8/8/2022,1/9/2023,5/9/2022,728114,192598,959757,722546
505190,12/20/2022,7/5/2024,9/20/2021,763706,162365,660201,913540
349249,9/1/2022,4/18/2023,6/1/2022,947126,736338,184559,552268
324310,5/4/2022,6/4/2024,5/3/2021,127392,918778,813073,115275
721800,2/5/2022,3/18/2023,11/22/2022,890295,776275,206887,880593
966543,2/11/2023,5/21/2023,4/15/2022,746221,397080,388816,591182
928689,12/10/2022,1/26/2023,6/9/2021,574878,736338,660201,413314
380073,7/16/2022,8/12/2024,9/25/2021,947126,847143,144580,756138
645046,3/8/2023,10/9/2023,1/13/2021,125152,741906,592918,973792
576728,7/13/2023,1/25/2024,8/8/2022,927028,411042,136435,212481
679994,5/26/2023,6/20/2024,3/27/2021,300292,810658,388816,404514
787806,9/26/2023,1/20/2024,8/6/2021,955730,117007,144580,508055
548974,4/6/2023,3/2/2024,12/6/2021,728114,494005,829881,905132
459765,1/11/2023,4/18/2024,7/17/2022,907982,488975,652385,966350
883573,8/3/2022,10/23/2024,5/13/2021,127392,745933,213256,574214
895113,9/25/2023,11/24/2024,12/13/2021,746221,783925,248500,925561
786161,6/26/2022,8/16/2023,10/29/2021,227950,752518,571310,911735
326222,4/13/2023,8/24/2023,8/19/2021,955730,122773,795241,786627
657380,11/20/2022,12/8/2023,3/24/2022,907982,502220,537906,720064
952736,4/29/2023,10/18/2024,11/2/2022,671033,248824,248500,866584
518417,10/10/2023,9/8/2024,1/25/2021,200815,807019,375562,791174
425995,1/12/2023,10/19/2023,8/27/2021,947126,856066,388816,565372
487245,7/30/2023,8/8/2023,4/12/2022,227950,803539,724059,747645
114839,11/29/2022,9/29/2024,10/27/2022,200815,776275,248500,571637
328361,10/17/2022,2/25/2023,9/13/2021,763706,677832,188029,250388
167020,11/14/2023,5/25/2024,9/13/2022,585322,841016,850190,392002
984093,6/30/2023,5/14/2023,3/25/2022,200815,122543,644310,552273
791666,7/28/2023,7/25/2023,11/23/2021,890295,966362,326102,624900
341744,1/8/2022,9/10/2023,4/8/2021,746221,402935,614469,494556
161267,5/9/2023,7/29/2024,6/2/2022,699500,215004,959757,321987
688396,5/15/2022,9/9/2023,8/24/2021,671033,409564,206887,413314
613430,5/1/2022,11/2/2024,12/21/2022,671033,588984,111840,170091
113475,7/16/2023,7/2/2023,3/22/2022,763706,285142,537195,617143
376106,11/8/2023,4/22/2023,7/28/2021,194696,770571,652385,787437
682728,9/22/2022,6/17/2024,4/20/2021,763706,494005,375562,575100
938502,2/24/2023,2/27/2024,11/12/2022,728114,737730,377866,729103
787854,4/3/2022,4/10/2024,7/7/2022,947126,883538,511178,694991
202702,4/3/2023,10/26/2023,7/7/2021,890295,847143,810124,246943
754596,1/13/2022,1/16/2024,9/10/2022,907982,664959,991831,578228
821128,2/4/2022,8/26/2023,1/20/2021,746221,807019,792743,915049
146025,2/4/2022,8/16/2024,1/21/2022,574878,323766,136300,178563
330782,6/19/2023,4/4/2024,12/18/2022,200815,535419,460749,778627
233235,12/17/2023,7/9/2024,6/6/2021,537037,898610,816493,478856
220544,3/15/2023,7/24/2023,4/25/2022,574878,639786,660201,618042
793261,3/10/2023,9/13/2023,4/12/2022,890295,704771,540622,851590
371910,3/23/2023,5/8/2023,8/1/2021,746221,966362,136435,380580
431106,9/7/2022,4/6/2023,11/9/2021,227950,208319,644310,881817
843811,6/7/2023,5/13/2024,12/10/2021,927028,397080,724059,847708
784166,9/12/2022,9/7/2023,4/1/2022,955730,470513,810380,632600
940297,7/3/2022,1/31/2023,12/24/2021,574878,494005,285136,586761
871103,7/9/2023,7/26/2023,1/4/2022,700120,701687,161349,925561
387650,5/18/2022,3/11/2024,11/16/2021,574878,488975,281471,618042
146277,5/4/2023,10/31/2024,11/8/2022,864628,673420,480172,126823
989914,1/14/2023,3/5/2024,11/25/2021,660948,557317,597967,607845
872236,1/2/2022,11/11/2023,6/6/2022,947126,203447,890953,883711
668313,12/3/2023,7/15/2023,11/26/2021,746221,704771,197995,591182
121394,5/24/2023,4/10/2024,5/23/2021,746221,107801,316477,630556
619424,12/2/2023,7/1/2023,4/17/2021,300292,786158,577393,513615
469806,5/27/2022,5/28/2023,2/1/2021,728114,807019,522988,779886
775157,3/26/2023,11/5/2023,10/13/2021,953162,522703,665038,870845
456724,10/6/2023,9/12/2024,4/26/2021,574878,729319,197995,637537
673264,10/8/2023,3/25/2024,11/8/2022,699500,752518,665038,116859
980046,5/27/2023,10/22/2023,9/24/2022,671033,209526,850190,911735
898394,5/19/2023,3/5/2024,12/15/2021,200815,764218,131133,911735
395078,9/30/2022,11/2/2023,3/22/2022,864628,105178,688432,411973
223653,12/1/2023,5/16/2024,9/3/2022,890295,397080,841903,246943
581115,7/27/2023,3/13/2024,5/19/2021,127392,596538,358544,196193
568939,9/27/2023,8/9/2023,3/4/2021,127392,411042,458456,794682
963690,9/25/2023,4/8/2024,3/9/2021,671033,695397,890953,264492
433093,2/13/2022,4/24/2023,1/19/2022,574878,882483,816493,830722
586716,5/7/2022,5/19/2023,6/19/2022,955730,128654,511178,320949
416846,1/29/2023,6/10/2024,6/20/2021,728114,734405,388816,942821
970707,6/11/2022,1/23/2023,9/11/2021,955730,409564,460749,720060
115498,12/2/2023,6/19/2023,11/18/2022,200815,593132,597967,940254
982123,8/7/2022,9/13/2024,12/3/2021,746221,783925,890953,966350
788652,4/6/2022,7/15/2023,8/10/2022,125152,402935,644310,880249
861519,8/15/2022,1/13/2023,10/19/2021,763706,695397,829881,627972
400029,3/31/2023,10/18/2024,5/16/2022,200815,994248,829881,675802
953665,10/15/2022,5/18/2024,7/23/2022,574878,736338,502950,412809
707663,12/24/2023,6/23/2024,10/29/2022,927028,551421,537195,797719
697102,12/3/2022,1/24/2024,10/18/2021,746221,737730,978149,912478
211198,3/17/2023,5/12/2024,11/15/2021,746221,695397,813073,495753
291547,12/11/2023,9/11/2024,10/27/2021,300292,502220,248500,675802
874846,1/29/2022,8/6/2023,4/20/2022,125152,215004,186281,115275
539516,4/24/2022,4/20/2023,1/25/2022,300292,192598,326102,528257
631549,11/30/2022,6/23/2024,4/28/2022,585322,409564,813073,153872
717660,7/18/2023,1/6/2024,4/10/2022,728114,345270,136435,654420
426606,11/28/2022,4/2/2024,3/5/2021,803900,208319,742874,207038
969481,2/15/2023,11/22/2023,2/4/2022,537037,584750,402378,108431
880366,5/3/2023,5/25/2023,1/1/2021,907982,468337,388816,933808
792658,12/20/2023,12/31/2023,12/7/2021,194696,535419,375562,453949
692286,3/19/2023,1/6/2024,3/17/2022,947126,535419,502950,220737
224664,2/28/2023,11/1/2024,7/7/2022,728114,470513,460749,443465
713235,3/13/2023,4/13/2023,11/2/2022,699500,593132,377866,814504
730050,8/4/2023,12/28/2023,6/17/2021,953162,188035,562341,728361
459422,8/16/2022,1/3/2023,3/24/2022,953162,188035,394815,534800
111756,3/4/2022,2/21/2023,10/28/2022,803900,994248,536877,508055
983103,5/25/2022,2/24/2023,8/29/2021,955730,742772,978149,995535
258566,5/1/2022,7/18/2023,3/31/2022,200815,752518,284378,786440
111846,1/24/2022,9/17/2023,12/24/2021,947126,574760,659932,870845
324211,10/18/2023,2/17/2023,3/4/2022,300292,574760,540622,627738
396656,6/8/2022,10/9/2024,7/3/2022,399223,639786,577393,416173
777173,9/16/2023,7/14/2024,8/4/2022,660948,265653,460749,728361
208740,7/13/2023,7/13/2023,12/10/2022,537037,408701,644310,423579
723297,9/21/2022,2/13/2024,4/15/2022,947126,673420,592918,608892
818666,6/2/2022,3/19/2023,8/13/2022,955730,189821,939053,940246
969234,4/15/2023,4/24/2024,12/17/2022,300292,861088,900323,162739
617380,4/12/2022,12/11/2024,4/25/2022,700120,265653,577393,695247
417960,9/28/2023,1/6/2024,8/8/2022,194696,734405,792743,325076
755669,4/3/2022,12/4/2023,4/2/2021,955730,181287,316477,596456
119347,5/27/2022,8/3/2024,11/2/2022,700120,239943,144580,364032
289327,12/12/2023,11/1/2024,12/15/2021,671033,918597,978149,261802
575029,11/24/2022,3/24/2023,12/13/2022,574878,470513,592918,180743
614624,4/21/2022,1/18/2024,8/31/2021,953162,973385,136300,513615
860395,7/20/2023,8/11/2023,10/7/2022,300292,779146,571310,387696
881241,6/1/2022,5/20/2024,2/5/2021,671033,248824,777775,598265
296664,11/21/2023,2/6/2024,5/9/2022,947126,861088,688432,932166
203443,3/13/2022,1/4/2023,11/20/2021,300292,359360,772204,839713
637503,12/27/2023,11/23/2023,3/1/2022,953162,215004,436046,759059
676375,1/22/2022,9/12/2023,2/6/2022,537037,192598,111840,100998
410321,10/1/2023,6/9/2024,1/14/2022,947126,402935,197995,116487
462854,7/15/2023,1/1/2023,12/1/2021,300292,488930,536877,390144
137706,11/3/2022,3/31/2024,6/20/2021,947126,905192,871749,387586
379952,9/12/2023,6/28/2024,3/28/2022,699500,128654,564383,418362
568491,8/31/2023,10/1/2024,8/9/2022,194696,677832,316477,426759
600719,4/15/2022,10/13/2024,9/19/2022,927028,494005,810380,269292
986100,8/21/2022,12/26/2023,3/15/2022,585322,882483,942646,973329
641442,1/16/2022,1/18/2023,9/16/2022,700120,402935,536877,786440
367780,5/10/2023,5/28/2024,3/11/2021,890295,596538,652385,777718
838138,5/13/2022,5/5/2024,7/1/2021,763706,402935,388816,940686
263901,1/25/2022,8/12/2023,6/2/2022,300292,192598,197995,880249
934023,8/13/2022,4/28/2024,6/21/2022,537037,265653,285136,814504
320985,2/26/2022,12/20/2024,5/4/2022,125152,383547,460749,513615
317004,12/9/2022,9/1/2024,1/21/2022,955730,248824,374357,473376
264040,5/23/2023,5/24/2023,2/15/2021,585322,215004,609665,915049
163310,6/8/2023,6/11/2023,5/8/2022,585322,695397,136300,787437
644651,5/10/2023,11/25/2023,5/24/2022,200815,411042,218195,167927
376903,8/6/2022,12/21/2023,7/21/2022,953162,737730,725076,627738
815902,12/14/2022,2/15/2023,10/2/2021,671033,383547,597967,792585
694335,4/22/2022,11/6/2024,11/29/2022,728114,639786,186281,226826
181821,7/30/2023,2/3/2024,6/21/2022,194696,856066,562341,586761
162707,7/7/2022,8/8/2024,11/7/2021,671033,254919,813073,828980
114357,9/22/2023,7/10/2023,12/21/2021,953162,402935,597967,999931
846166,2/21/2022,2/21/2024,8/27/2022,803900,677832,436046,659243
765585,12/25/2023,5/24/2023,5/3/2022,671033,188035,227277,330863
714761,5/1/2022,6/16/2023,11/23/2021,864628,729319,936549,934055
649346,1/3/2022,5/19/2024,9/21/2022,700120,217725,978149,489367
959469,4/18/2022,8/21/2023,11/9/2021,947126,593132,388816,816881
245341,2/16/2023,5/31/2024,6/10/2021,537037,223181,326102,148338
801946,9/14/2023,1/31/2024,10/15/2021,200815,105178,358544,285493
502033,6/25/2023,12/16/2023,3/12/2022,953162,502220,699025,856154
474768,12/21/2023,7/18/2023,8/27/2021,864628,557317,614469,365026
279221,5/23/2023,1/28/2024,5/11/2021,890295,764218,871749,135992
321139,3/8/2022,9/19/2024,4/27/2022,671033,208319,537195,794821
463798,11/6/2023,2/18/2023,2/25/2021,955730,248824,959757,779886
319229,1/13/2023,1/7/2024,5/3/2021,660948,208319,890953,572546
846365,7/2/2022,2/23/2024,10/7/2022,227950,583151,612356,149168
168434,8/11/2023,8/25/2024,12/1/2021,194696,488930,813073,932166
319270,4/25/2022,10/14/2024,9/9/2022,227950,162365,117726,607845
347232,10/28/2023,6/1/2024,2/21/2021,585322,905192,458456,219075
897540,8/26/2023,2/16/2023,11/11/2022,200815,181287,436046,380580
672837,12/16/2022,10/28/2023,10/18/2022,585322,704998,253428,946853
166899,11/6/2023,6/2/2024,8/16/2022,300292,275981,900323,121886
428314,5/27/2022,2/23/2023,8/3/2021,671033,470513,563020,827989
440746,3/1/2023,8/26/2024,9/5/2022,537037,793173,316477,416173
443167,8/25/2023,10/23/2023,3/9/2022,699500,408701,614469,731893
220631,1/18/2023,4/27/2023,12/21/2022,127392,323766,900323,661601
523717,2/19/2023,6/7/2024,8/25/2022,953162,408701,502950,973329
521485,2/24/2023,6/15/2023,6/6/2022,127392,776275,841903,422825
275568,4/20/2023,3/28/2023,9/4/2021,574878,918778,188029,750690
895930,11/29/2023,1/10/2023,8/15/2021,700120,776275,644310,207038
489157,5/14/2022,5/16/2023,4/16/2021,927028,905192,275027,116487
582937,1/17/2022,3/13/2023,8/9/2021,947126,664959,822527,605499
736030,3/16/2023,8/13/2024,3/2/2022,907982,701687,275027,411973
311007,12/5/2023,8/17/2023,12/8/2021,890295,213061,659932,274870
716658,10/25/2022,5/21/2024,7/21/2022,728114,664959,936549,250388
890401,8/10/2023,3/31/2024,12/30/2021,574878,752518,588846,617290
808228,8/4/2022,7/17/2023,7/6/2022,300292,898610,609665,468130
532440,9/16/2023,1/26/2024,6/12/2021,955730,966362,144580,116859
707165,8/25/2022,12/22/2024,12/27/2022,763706,223181,612356,519641
361136,2/26/2022,11/17/2023,11/3/2021,194696,397080,900323,701881
126036,2/6/2022,3/22/2024,3/26/2021,660948,766093,387630,946436
594490,2/16/2023,12/13/2023,5/11/2021,728114,882483,540622,152966
745936,11/11/2022,2/11/2024,10/1/2022,125152,101614,890953,121886
582864,4/10/2022,12/26/2024,9/3/2021,864628,596538,659932,880593
262122,7/21/2022,2/18/2023,5/18/2022,125152,101614,217074,460522
681250,1/30/2023,12/21/2024,1/4/2022,125152,213061,537195,235389
882195,7/4/2023,9/20/2024,8/26/2021,399223,488975,358544,598265
726513,7/8/2022,2/9/2023,11/5/2022,300292,584750,942646,652634
645966,2/4/2023,3/5/2023,12/27/2022,585322,639786,388816,819191
196898,9/9/2023,12/20/2023,11/27/2021,700120,898610,592918,519641
121919,7/24/2022,9/6/2023,4/18/2021,728114,107801,577393,365026
481337,1/1/2023,11/6/2024,3/6/2021,200815,596538,942646,937867
770636,5/25/2022,8/3/2023,2/8/2022,907982,574760,792743,800887
939935,4/8/2022,9/22/2023,7/25/2021,671033,188035,197995,180631
525335,12/1/2023,5/30/2023,7/16/2021,574878,883538,978149,659243
247535,8/31/2023,3/19/2024,10/30/2022,585322,192598,281471,381839
929986,4/20/2023,2/28/2024,11/15/2021,955730,181287,777166,179069
339828,8/11/2022,3/26/2024,11/8/2022,125152,551421,900323,412199
892053,9/10/2022,7/25/2024,9/24/2021,728114,764218,375562,649144
475995,4/9/2022,2/28/2023,12/11/2021,194696,402935,248500,879846
723900,2/15/2023,7/5/2024,10/19/2022,399223,918597,393922,691625
163990,4/20/2023,7/18/2024,5/30/2021,864628,208319,978149,586761
384514,9/21/2023,5/19/2024,2/24/2021,699500,449276,326102,828980
732357,1/21/2022,9/24/2024,10/25/2021,955730,883538,131133,556636
923564,8/20/2022,5/18/2024,11/10/2022,125152,764218,197995,923237
407245,2/10/2023,12/9/2024,12/22/2021,953162,745933,377866,219075
737140,4/29/2022,4/28/2024,4/20/2022,200815,639786,879932,178068
632105,2/14/2023,12/19/2024,9/27/2021,574878,704771,111840,940056
182763,9/12/2023,11/1/2024,4/7/2022,763706,584750,652385,883711
645539,11/25/2022,12/19/2024,5/3/2022,127392,745933,609665,177361
329176,6/20/2023,12/4/2023,2/6/2021,890295,741906,562341,133407
252704,2/7/2022,2/26/2023,9/10/2021,671033,677832,188029,365026
882925,3/20/2022,2/4/2024,5/8/2022,955730,397080,660201,892848
386405,7/29/2023,1/2/2024,6/26/2021,927028,701687,647491,627972
993196,1/2/2022,7/23/2024,8/16/2021,746221,488975,978149,105455
334940,10/20/2023,11/23/2023,9/14/2022,947126,966362,528423,571172
889394,3/17/2022,5/14/2023,3/2/2022,803900,295294,936549,386022
450483,2/23/2022,9/26/2023,11/24/2021,890295,639786,813073,814504
628797,5/6/2022,2/25/2023,1/6/2021,699500,596538,111840,433394
622164,5/4/2023,2/27/2024,8/16/2022,746221,704998,137531,153872
521212,6/13/2023,4/6/2024,12/25/2021,927028,776275,253428,872242
969510,9/27/2022,8/21/2023,8/2/2022,399223,323766,374357,777849
778342,11/22/2023,12/25/2023,5/5/2022,227950,779146,890953,132299
449273,3/30/2022,3/5/2024,10/16/2022,955730,898610,218195,478856
484050,3/28/2023,8/27/2024,7/17/2021,890295,107801,536877,545618
811379,4/22/2022,12/25/2024,9/23/2022,947126,254919,688432,793560
858405,4/1/2023,4/14/2024,12/20/2022,200815,701687,699025,793560
830112,8/9/2023,11/24/2023,7/2/2021,890295,188035,111840,575100
226866,7/24/2022,7/16/2023,10/25/2022,746221,101614,850190,652634
572637,2/23/2023,2/1/2023,2/10/2022,537037,593132,571310,126055
352383,6/13/2022,10/12/2023,1/13/2022,574878,488975,932339,457284
920291,12/1/2023,3/5/2024,9/13/2021,585322,358088,942646,720064
405524,12/8/2022,2/14/2024,7/11/2022,660948,882483,537906,557076
700658,1/5/2023,2/7/2024,5/13/2021,728114,134294,436046,528257
188914,11/12/2022,6/3/2024,4/25/2021,955730,162365,777166,637537
271785,1/7/2022,10/1/2023,8/25/2022,399223,883538,597967,976840
349228,4/27/2022,3/14/2024,8/20/2022,864628,807019,218195,566680
123223,10/1/2023,4/19/2023,8/16/2022,699500,239943,577385,812409
244167,3/16/2023,1/10/2024,2/27/2022,927028,898610,629017,986855
431651,10/24/2023,1/7/2024,1/30/2022,699500,244889,564383,883711
175278,11/4/2022,1/2/2023,8/1/2022,127392,704771,647491,389505
408111,2/2/2023,8/30/2023,3/8/2022,200815,593132,900323,797719
172622,6/20/2022,8/6/2024,9/28/2022,864628,557317,939053,877019
974774,9/26/2022,12/22/2023,10/29/2021,399223,803539,777775,737888
972403,8/23/2022,6/5/2024,4/21/2021,671033,856066,480172,649144
476478,12/4/2022,6/14/2024,2/22/2022,927028,737730,959757,880593
775419,8/10/2022,12/21/2023,8/1/2021,864628,745933,284378,395163
869895,11/10/2023,4/21/2023,2/10/2021,194696,188035,197995,529052
783657,2/8/2022,7/1/2024,9/11/2022,728114,704771,387630,321987
864102,3/31/2022,2/11/2024,11/22/2021,574878,736338,991831,608294
759031,10/28/2023,5/8/2023,11/2/2022,200815,105178,900323,869445
941345,10/31/2022,4/27/2023,6/3/2021,399223,557317,137531,659468
271770,4/25/2022,2/14/2024,9/18/2021,746221,882483,562341,934055
609761,7/7/2022,11/1/2023,2/2/2022,746221,770571,388816,119065
273004,8/17/2023,2/3/2023,4/27/2021,660948,752518,375562,632600
410736,6/18/2022,7/21/2023,2/9/2022,125152,803539,117673,429716
803904,7/31/2023,11/3/2023,5/6/2022,803900,345270,217074,159624
652812,7/1/2022,11/30/2024,11/6/2022,864628,966362,660201,672276
240320,8/1/2022,2/10/2024,8/27/2021,300292,736338,460749,857074
198824,12/30/2023,11/13/2023,10/7/2022,127392,122543,393922,605499
916476,11/29/2022,12/23/2024,4/29/2021,537037,557317,394815,652634
852212,5/27/2022,5/5/2024,7/2/2022,955730,449276,660201,728361
101158,6/5/2023,9/8/2023,3/11/2022,585322,579259,248500,683458
725036,11/4/2022,4/18/2023,6/17/2022,660948,358088,131133,249122
563913,11/19/2023,4/16/2024,3/28/2022,200815,323766,959757,545618
461779,8/12/2022,6/15/2024,12/10/2021,955730,695397,665038,598265
559037,11/7/2022,6/26/2024,12/13/2022,227950,918778,186281,179069
192642,2/9/2022,3/11/2023,11/24/2022,947126,593132,218195,672357
344380,12/16/2022,11/2/2023,11/10/2021,699500,766093,644310,167984
184923,1/22/2023,7/6/2023,8/3/2022,890295,449276,136435,940254
715432,6/17/2023,11/4/2023,1/3/2021,700120,973385,777166,550336
799381,12/19/2023,2/23/2023,10/21/2021,660948,502220,499142,722546
495013,12/1/2022,5/17/2023,3/6/2022,803900,882483,460749,701881
364053,4/16/2023,12/24/2023,4/3/2021,955730,449276,161349,164028
564142,4/11/2023,2/29/2024,11/10/2022,671033,764218,358544,453949
723524,9/13/2023,9/19/2024,11/6/2021,399223,107801,117673,177555
239666,4/25/2023,2/8/2024,1/28/2022,864628,717404,458456,459503
667059,11/18/2022,12/19/2023,11/15/2021,300292,265653,528423,913540
643278,9/23/2022,1/10/2023,12/2/2022,864628,409564,186281,548230
969900,1/21/2023,10/5/2023,7/24/2022,227950,994248,660201,942821
885934,9/26/2023,8/28/2023,4/15/2022,953162,470513,942646,433546
368831,9/7/2023,3/16/2024,8/5/2022,585322,717404,551982,577446
498936,10/9/2022,11/8/2024,11/9/2021,585322,729319,387630,694991
321056,3/24/2022,2/21/2023,9/11/2021,574878,409564,537195,387696
273953,6/5/2023,4/30/2024,1/22/2021,537037,810658,699025,819191
393604,11/19/2023,12/28/2023,8/6/2022,699500,588984,111840,433196
146319,11/13/2023,2/28/2024,2/25/2022,399223,783925,217074,880249
242352,11/22/2023,7/10/2024,4/12/2021,947126,557317,890953,363941
707107,10/19/2023,7/15/2023,1/14/2021,574878,203447,275027,450802
128059,1/21/2022,5/20/2023,12/6/2021,864628,509961,186281,472361
123496,9/12/2023,6/24/2024,8/13/2021,763706,122773,227277,644137
708415,6/28/2023,3/2/2023,10/13/2021,127392,522703,652385,239705
521319,11/28/2023,1/14/2024,9/23/2022,660948,584750,284378,940246
737926,4/24/2022,8/2/2023,1/29/2021,537037,898610,792743,905132
311726,5/20/2022,5/14/2023,6/7/2022,300292,383547,647491,902655
246236,6/10/2022,12/12/2024,4/3/2021,927028,192598,742874,265254
902636,8/25/2022,11/15/2023,5/12/2022,803900,244889,218195,703443
873799,3/3/2022,11/28/2023,12/26/2021,200815,701687,936549,108431
635647,10/24/2022,1/25/2024,12/10/2021,955730,502220,136435,207652
479817,10/15/2022,6/23/2024,6/27/2021,585322,488930,597967,575100
822247,8/6/2022,1/14/2024,1/13/2021,746221,905192,528423,865462
584622,5/1/2023,9/29/2024,4/7/2022,227950,764218,375562,530308
457225,1/26/2022,10/18/2023,4/26/2021,660948,213061,117726,786440
976890,1/28/2022,5/29/2024,12/20/2021,728114,209526,284378,545618
703979,2/22/2023,4/4/2024,5/13/2021,763706,470513,326102,453949
197428,5/18/2022,2/17/2023,8/19/2021,660948,741906,850190,621951
