Time_Slot_ID,Start_Time,End_Time,Date
745933,4/30/2022,4/1/2023,4/22/2022
502220,10/16/2022,5/30/2023,11/18/2021
729319,7/5/2022,5/30/2023,8/17/2022
583151,5/25/2022,10/29/2023,12/12/2022
383547,12/3/2022,11/14/2023,9/26/2021
861088,2/5/2022,4/28/2023,6/28/2021
248824,12/19/2022,6/10/2023,4/25/2021
239943,12/17/2022,9/20/2023,3/13/2022
701687,4/8/2022,5/2/2023,7/23/2022
488975,1/8/2022,7/26/2023,3/10/2022
254919,9/3/2022,10/16/2023,9/6/2022
579259,7/8/2022,5/22/2023,12/26/2022
695397,5/20/2022,6/14/2023,7/19/2022
994248,7/14/2022,6/26/2023,11/18/2022
411042,10/3/2022,7/31/2023,1/21/2021
285142,8/7/2022,3/30/2023,3/29/2022
856066,7/10/2022,10/25/2023,3/29/2022
494005,2/13/2022,4/1/2023,5/7/2021
244889,2/15/2022,1/30/2023,9/4/2022
551421,8/19/2022,2/25/2023,1/11/2021
673420,9/16/2022,8/30/2023,9/19/2022
522703,8/25/2022,9/9/2023,12/23/2022
737730,6/22/2022,1/26/2023,2/24/2021
664959,11/9/2022,3/25/2023,7/30/2021
181287,2/7/2022,3/15/2023,4/24/2021
677832,12/15/2022,5/8/2023,8/12/2022
557317,10/4/2022,10/15/2023,1/26/2021
424004,3/26/2022,8/19/2023,5/10/2021
766093,11/11/2022,5/4/2023,8/28/2022
323766,1/11/2022,10/29/2023,2/25/2021
918778,7/5/2022,8/3/2023,6/25/2021
736338,5/15/2022,12/8/2023,6/25/2022
918597,7/3/2022,7/14/2023,12/20/2021
359360,2/6/2022,11/12/2023,12/24/2021
793173,3/3/2022,7/14/2023,9/20/2021
217725,8/18/2022,2/8/2023,1/29/2022
742772,7/18/2022,2/20/2023,6/11/2022
122543,10/10/2022,12/5/2023,3/4/2021
764218,12/20/2022,5/28/2023,6/23/2021
807019,10/26/2022,7/17/2023,9/17/2022
134294,1/11/2022,9/28/2023,12/12/2021
101614,7/22/2022,2/24/2023,7/29/2021
786158,4/3/2022,9/18/2023,10/31/2021
509961,1/21/2022,2/4/2023,9/18/2022
358088,7/2/2022,9/28/2023,9/18/2022
535419,6/29/2022,2/17/2023,1/3/2022
215004,11/25/2022,8/15/2023,11/28/2022
883538,11/26/2022,7/16/2023,5/15/2022
295294,1/16/2022,7/27/2023,2/5/2022
704998,12/7/2022,9/24/2023,4/3/2022
488930,8/9/2022,12/15/2023,12/23/2022
409564,1/5/2022,11/26/2023,8/26/2022
973385,8/9/2022,5/23/2023,1/26/2022
153341,4/14/2022,3/3/2023,8/27/2022
397080,4/18/2022,6/9/2023,4/18/2021
105178,3/17/2022,3/25/2023,5/11/2021
898610,3/30/2022,3/28/2023,7/13/2021
188035,9/23/2022,4/20/2023,10/24/2021
841016,12/24/2022,9/28/2023,4/4/2021
162365,11/26/2022,10/3/2023,8/29/2022
468337,9/29/2022,2/7/2023,12/3/2021
209526,11/6/2022,10/28/2023,1/18/2022
596538,3/3/2022,2/8/2023,9/18/2022
449276,3/19/2022,7/19/2023,2/8/2021
770571,12/20/2022,12/20/2023,9/25/2021
584750,4/21/2022,10/11/2023,11/30/2021
810658,9/13/2022,1/29/2023,4/9/2021
408701,11/12/2022,3/5/2023,9/2/2022
752518,3/26/2022,12/17/2023,12/5/2022
779146,7/27/2022,1/11/2023,5/29/2022
717404,5/30/2022,1/12/2023,7/1/2022
213061,4/3/2022,10/13/2023,9/22/2022
192598,1/14/2022,5/30/2023,4/2/2022
741906,12/8/2022,2/2/2023,2/13/2021
639786,6/26/2022,2/24/2023,3/8/2022
905192,9/12/2022,10/21/2023,2/26/2021
117007,10/3/2022,12/6/2023,2/2/2022
776275,12/6/2022,8/27/2023,3/12/2022
783925,8/13/2022,6/2/2023,10/28/2022
588984,9/16/2022,6/23/2023,10/21/2022
265653,2/27/2022,6/17/2023,3/23/2022
470513,1/16/2022,10/7/2023,6/10/2022
128654,6/11/2022,6/26/2023,7/3/2022
402935,11/5/2022,3/22/2023,1/13/2022
847143,4/18/2022,2/23/2023,4/26/2021
734405,6/18/2022,3/17/2023,6/1/2022
203447,10/13/2022,9/13/2023,5/27/2021
223181,4/8/2022,3/31/2023,7/18/2022
275981,1/3/2022,7/8/2023,7/25/2021
122773,1/3/2022,10/20/2023,3/19/2022
345270,6/23/2022,6/3/2023,3/28/2021
208319,2/15/2022,4/29/2023,1/10/2022
704771,9/21/2022,2/14/2023,5/13/2022
803539,5/22/2022,1/6/2023,3/22/2021
107801,9/8/2022,6/4/2023,7/29/2021
966362,4/17/2022,10/7/2023,4/28/2022
882483,12/13/2022,10/28/2023,5/19/2022
189821,2/5/2022,12/9/2023,12/26/2022
574760,4/2/2022,8/27/2023,10/19/2022
593132,3/4/2022,11/25/2023,12/1/2022
